{
  "funkos": [
    {
      "id": "0",
      "nombre": "BRUNO MADRIGAL CON LA PROFECÍA (GLOW)",
      "imagenFunko": "https://funko.com/dw/image/v2/BGTS_PRD/on/demandware.static/-/Sites-funko-master-catalog/default/dwa8818e75/images/funko/upload/74457_Encanto_BrunoProphecy_POP_GLAM.png",
      "imagenCaja": "https://funko.com/dw/image/v2/BGTS_PRD/on/demandware.static/-/Sites-funko-master-catalog/default/dwd7319ced/images/funko/upload/74457_Encanto_BrunoProphecy_POP_GLAM_1_BL-WEB.png",
      "categorias": [
        "Disney",
        "Encanto",
        "Bruno"
      ],
      "precio": 15.95,
      "oferta": "true",
      "descuentoPorcentaje": 15,
      "stock": 52,
      "cantidadVendidos": 117
    },
    {
      "id": "1",
      "nombre": "MIRABEL (GLOW)",
      "imagenFunko": "https://funko.com/dw/image/v2/BGTS_PRD/on/demandware.static/-/Sites-funko-master-catalog/default/dwc81563fb/images/funko/70118-1.png",
      "imagenCaja": "https://funko.com/dw/image/v2/BGTS_PRD/on/demandware.static/-/Sites-funko-master-catalog/default/dw3e36f349/images/funko/70118-2.png",
      "categorias": [
        "Disney",
        "Encanto",
        "Mirabel"
      ],
      "precio": 12.95,
      "oferta": "false",
      "descuentoPorcentaje": 0,
      "stock": 136,
      "cantidadVendidos": 38
    },
    {
      "id": "2",
      "nombre": "ANTONIO MADRIGAL",
      "imagenFunko": "https://funko.com/dw/image/v2/BGTS_PRD/on/demandware.static/-/Sites-funko-master-catalog/default/dwd436a2e6/images/funko/57603-1.png",
      "imagenCaja": "https://funko.com/dw/image/v2/BGTS_PRD/on/demandware.static/-/Sites-funko-master-catalog/default/dw11cd751d/images/funko/57603-2.png",
      "categorias": [
        "Disney",
        "Encanto",
        "Antonio"
      ],
      "precio": 12,
      "oferta": "false",
      "descuentoPorcentaje": 0,
      "stock": 87,
      "cantidadVendidos": 10
    },
    {
      "id": "3",
      "nombre": "LUISA MADRIGAL",
      "imagenFunko": "https://funko.com/dw/image/v2/BGTS_PRD/on/demandware.static/-/Sites-funko-master-catalog/default/dw4858fe4e/images/funko/57601-1.png",
      "imagenCaja": "https://funko.com/dw/image/v2/BGTS_PRD/on/demandware.static/-/Sites-funko-master-catalog/default/dw7bd5d390/images/funko/57601-2.png",
      "categorias": [
        "Disney",
        "Encanto",
        "Luisa"
      ],
      "precio": 12,
      "oferta": "false",
      "descuentoPorcentaje": 0,
      "stock": 125,
      "cantidadVendidos": 7
    },
    {
      "id": "4",
      "nombre": "ABUELA ALMA MADRIGAL",
      "imagenFunko": "https://funko.com/dw/image/v2/BGTS_PRD/on/demandware.static/-/Sites-funko-master-catalog/default/dwae17d539/images/funko/57605-1.png",
      "imagenCaja": "https://funko.com/dw/image/v2/BGTS_PRD/on/demandware.static/-/Sites-funko-master-catalog/default/dwd79c2bef/images/funko/57605-2.png",
      "categorias": [
        "Disney",
        "Encanto",
        "Alma"
      ],
      "precio": 12,
      "oferta": "false",
      "descuentoPorcentaje": 0,
      "stock": 83,
      "cantidadVendidos": 0
    },
    {
      "id": "5",
      "nombre": "ISABELA CON CACTUS",
      "imagenFunko": "https://funko.com/dw/image/v2/BGTS_PRD/on/demandware.static/-/Sites-funko-master-catalog/default/dwbf0df859/images/funko/upload/76777a_Encanto_IsabelaWithCactus_GLAM-WEB.png",
      "imagenCaja": "https://funko.com/dw/image/v2/BGTS_PRD/on/demandware.static/-/Sites-funko-master-catalog/default/dwa3137230/images/funko/upload/76777a_Encanto_IsabelaWithCactus_GLAM-1-Funko-WEB.png",
      "categorias": [
        "Disney",
        "Encanto",
        "Isabela"
      ],
      "precio": 15,
      "oferta": "false",
      "descuentoPorcentaje": 0,
      "stock": 63,
      "cantidadVendidos": 0
    },
    {
      "id": "6",
      "nombre": "MIRABEL MADRIGAL",
      "imagenFunko": "https://funko.com/dw/image/v2/BGTS_PRD/on/demandware.static/-/Sites-funko-master-catalog/default/dw1b50072d/images/funko/57599-1.png",
      "imagenCaja": "https://funko.com/dw/image/v2/BGTS_PRD/on/demandware.static/-/Sites-funko-master-catalog/default/dwebbc96a1/images/funko/57599-2.png",
      "categorias": [
        "Disney",
        "Encanto",
        "Mirabel"
      ],
      "precio": 13,
      "oferta": "false",
      "descuentoPorcentaje": 0,
      "stock": 59,
      "cantidadVendidos": 0
    },
    {
      "id": "7",
      "nombre": "CAMPANILLA",
      "imagenFunko": "https://funkoeurope.com/cdn/shop/files/70699_PeterPan70th_TinkOnMirror_POP_GLAM-WEB_700x.png",
      "imagenCaja": "https://funkoeurope.com/cdn/shop/files/70699_Disney_PeterPan70yr_Tinkerbell_POPdisney_GLAM-1-WEB_700x.png",
      "categorias": [
        "Disney",
        "Peter pan",
        "Campanilla"
      ],
      "precio": 16,
      "oferta": "false",
      "descuentoPorcentaje": 0,
      "stock": 49,
      "cantidadVendidos": 0
    },
    {
      "id": "8",
      "nombre": "PETER PAN CON FLAUTA",
      "imagenFunko": "https://funkoeurope.com/cdn/shop/files/70697_PeterPan70th_PeterWithFlute_POP_GLAM-WEB_700x.png",
      "imagenCaja": "https://funkoeurope.com/cdn/shop/files/70697_Disney_PeterPan70yr_PeterPan_POPdisney_GLAM-1-WEB_700x.png",
      "categorias": [
        "Disney",
        "Peter pan",
        "Peter pan"
      ],
      "precio": 16,
      "oferta": "false",
      "descuentoPorcentaje": 0,
      "stock": 31,
      "cantidadVendidos": 1
    },
    {
      "id": "9",
      "nombre": "PETER PAN (SIRENITA)",
      "imagenFunko": "https://funkoeurope.com/cdn/shop/files/70696_PeterPan_Mermaid_POP_GLAM-WEB_700x.png",
      "imagenCaja": "https://funkoeurope.com/cdn/shop/files/70696_Disney_PeterPan70yr_Mermaid_POPdisney_GLAM-1-WEB_700x.png",
      "categorias": [
        "Disney",
        "Peter pan",
        "Peter pan"
      ],
      "precio": 16,
      "oferta": "false",
      "descuentoPorcentaje": 0,
      "stock": 73,
      "cantidadVendidos": 0
    },
    {
      "id": "10",
      "nombre": "CAMPANILLA EN LINTERNA",
      "imagenFunko": "https://funkoeurope.com/cdn/shop/files/70846_PeterPan_TinkonLantern_POP_GLAM-1-WEB_1_700x.png",
      "imagenCaja": "https://funkoeurope.com/cdn/shop/files/70846_PeterPan_TinkonLantern_POP_GLAM-1-WEB_700x.png",
      "categorias": [
        "Disney",
        "Peter pan",
        "Campanilla"
      ],
      "precio": 35,
      "oferta": "false",
      "descuentoPorcentaje": 0,
      "stock": 46,
      "cantidadVendidos": 7
    },
    {
      "id": "11",
      "nombre": "CAPITÁN HOOK",
      "imagenFunko": "https://funkoeurope.com/cdn/shop/files/70695_PeterPan70th_Hook_POP_GLAM-WEB_700x.png",
      "imagenCaja": "https://funkoeurope.com/cdn/shop/files/70695_Disney_PeterPan70yr_CaptainHook_POPdisney_GLAM-1-WEB_700x.png",
      "categorias": [
        "Disney",
        "Peter pan",
        "Capitán hook"
      ],
      "precio": 16,
      "oferta": "false",
      "descuentoPorcentaje": 0,
      "stock": 46,
      "cantidadVendidos": 0
    },
    {
      "id": "12",
      "nombre": "PATO DONALD APUESTO",
      "imagenFunko": "https://funko.com/dw/image/v2/BGTS_PRD/on/demandware.static/-/Sites-funko-master-catalog/default/dwfb10676b/images/funko/upload/75724_Disney_DD90th_DonaldDuckDapper_POP_GLAM-Web.png",
      "imagenCaja": "https://funko.com/dw/image/v2/BGTS_PRD/on/demandware.static/-/Sites-funko-master-catalog/default/dwa94301f3/images/funko/upload/75724_POP_Disney_Donald90th_DapperDonaldDuck_POP_GLAM-1-WEB.png",
      "categorias": [
        "Disney",
        "Pato donald",
        "Pato donald"
      ],
      "precio": 12,
      "oferta": "false",
      "descuentoPorcentaje": 0,
      "stock": 49,
      "cantidadVendidos": 1
    },
    {
      "id": "13",
      "nombre": "PATO DONALD ENFADADO",
      "imagenFunko": "https://funko.com/dw/image/v2/BGTS_PRD/on/demandware.static/-/Sites-funko-master-catalog/default/dw1839aa43/images/funko/upload/75723_Disney_DD90th_DonaldDuckAngry_POP_GLAM-WEB.png",
      "imagenCaja": "https://funko.com/dw/image/v2/BGTS_PRD/on/demandware.static/-/Sites-funko-master-catalog/default/dwebbb2c8b/images/funko/upload/75723_POP_Disney_Donald90th_AngryDonaldDuck_POP_GLAM-1-WEB.png",
      "categorias": [
        "Disney",
        "Pato donald",
        "Pato donald"
      ],
      "precio": 12,
      "oferta": "false",
      "descuentoPorcentaje": 0,
      "stock": 25,
      "cantidadVendidos": 0
    },
    {
      "id": "14",
      "nombre": "PATO DONALD 1938",
      "imagenFunko": "https://funko.com/dw/image/v2/BGTS_PRD/on/demandware.static/-/Sites-funko-master-catalog/default/dw3d8b30c7/images/funko/upload/75722_Disney_DD90th_DonaldDuck1938_POP_GLAM-WEB.png",
      "imagenCaja": "https://funko.com/dw/image/v2/BGTS_PRD/on/demandware.static/-/Sites-funko-master-catalog/default/dw3db56ddc/images/funko/upload/75722_POP_Disney_Donald90th_DonaldDuck1938_POP_GLAM-1-WEB.png",
      "categorias": [
        "Disney",
        "Pato donald",
        "Pato donald"
      ],
      "precio": 12,
      "oferta": "false",
      "descuentoPorcentaje": 0,
      "stock": 125,
      "cantidadVendidos": 0
    },
    {
      "id": "15",
      "nombre": "PATO DONALD",
      "imagenFunko": "https://funko.com/dw/image/v2/BGTS_PRD/on/demandware.static/-/Sites-funko-master-catalog/default/dwe80cf979/images/funko/59621-1.png",
      "imagenCaja": "https://funko.com/dw/image/v2/BGTS_PRD/on/demandware.static/-/Sites-funko-master-catalog/default/dw25df66ee/images/funko/59621-2.png",
      "categorias": [
        "Disney",
        "Pato donald",
        "Pato donald"
      ],
      "precio": 12.95,
      "oferta": "true",
      "descuentoPorcentaje": 15,
      "stock": 130,
      "cantidadVendidos": 9
    },
    {
      "id": "16",
      "nombre": "PATO DONALD CON OJOS DE CORAZONES",
      "imagenFunko": "https://funko.com/dw/image/v2/BGTS_PRD/on/demandware.static/-/Sites-funko-master-catalog/default/dw48765fb7/images/funko/upload/75725_Disney_DD90th_DonaldDuckHeartEyes_POP_GLAM-WEB.png",
      "imagenCaja": "https://funko.com/dw/image/v2/BGTS_PRD/on/demandware.static/-/Sites-funko-master-catalog/default/dw8dcffe2d/images/funko/upload/75725_POP_Disney_Donald90th_DonaldDuckwHeartEyes_POP_GLAM-1-WEB.png",
      "categorias": [
        "Disney",
        "Pato donald",
        "Pato donald"
      ],
      "precio": 12.95,
      "oferta": "false",
      "descuentoPorcentaje": 0,
      "stock": 120,
      "cantidadVendidos": 0
    },
    {
      "id": "17",
      "nombre": "JEICE",
      "imagenFunko": "https://funko.com/dw/image/v2/BGTS_PRD/on/demandware.static/-/Sites-funko-master-catalog/default/dwfdb1c4cd/images/funko/upload/48671a_POPAnimation_DBZ_Jiece_GLAM-WEB.png",
      "imagenCaja": "https://funko.com/dw/image/v2/BGTS_PRD/on/demandware.static/-/Sites-funko-master-catalog/default/dw86206a4d/images/funko/upload/48671a_POPAnimation_DBZ_Jiece_GLAM-1-WEB.png",
      "categorias": [
        "Anime",
        "Dragon Ball Z",
        "Jeice"
      ],
      "precio": 12,
      "oferta": "false",
      "descuentoPorcentaje": 0,
      "stock": 63,
      "cantidadVendidos": 7
    },
    {
      "id": "18",
      "nombre": "GINYU",
      "imagenFunko": "https://funko.com/dw/image/v2/BGTS_PRD/on/demandware.static/-/Sites-funko-master-catalog/default/dw1aae08ba/images/funko/upload/48669a_POPAnimation_DBZ_Ginyu_GLAM-WEB.png",
      "imagenCaja": "https://funko.com/dw/image/v2/BGTS_PRD/on/demandware.static/-/Sites-funko-master-catalog/default/dwe401832a/images/funko/upload/48669a_POPAnimation_DBZ_Ginyu_GLAM-1-WEB.png",
      "categorias": [
        "Anime",
        "Dragon Ball Z",
        "Ginyu"
      ],
      "precio": 12,
      "oferta": "false",
      "descuentoPorcentaje": 0,
      "stock": 89,
      "cantidadVendidos": 0
    },
    {
      "id": "19",
      "nombre": "GULDO",
      "imagenFunko": "https://funko.com/dw/image/v2/BGTS_PRD/on/demandware.static/-/Sites-funko-master-catalog/default/dw6b2e4080/images/funko/upload/48667a_POPAnimation_DBZ_Guldo_GLAM-WEB.png",
      "imagenCaja": "https://funko.com/dw/image/v2/BGTS_PRD/on/demandware.static/-/Sites-funko-master-catalog/default/dw9cfafe8b/images/funko/upload/48667a_POPAnimation_DBZ_Guldo_GLAM-1-WEB.png",
      "categorias": [
        "Anime",
        "Dragon Ball Z",
        "Guldo"
      ],
      "precio": 12,
      "oferta": "false",
      "descuentoPorcentaje": 0,
      "stock": 146,
      "cantidadVendidos": 0
    },
    {
      "id": "20",
      "nombre": "BURTER",
      "imagenFunko": "https://funko.com/dw/image/v2/BGTS_PRD/on/demandware.static/-/Sites-funko-master-catalog/default/dwc4dc781b/images/funko/upload/48670a_POPAnimation_DBZ_Burter_GLAM-WEB.png",
      "imagenCaja": "https://funko.com/dw/image/v2/BGTS_PRD/on/demandware.static/-/Sites-funko-master-catalog/default/dw67124f72/images/funko/upload/48670_DBZ_S10_Burter_POP_GLAM-1-WEB.png",
      "categorias": [
        "Anime",
        "Dragon Ball Z",
        "Burter"
      ],
      "precio": 12,
      "oferta": "false",
      "descuentoPorcentaje": 0,
      "stock": 150,
      "cantidadVendidos": 0
    },
    {
      "id": "21",
      "nombre": "RECOOME",
      "imagenFunko": "https://funko.com/dw/image/v2/BGTS_PRD/on/demandware.static/-/Sites-funko-master-catalog/default/dw97162f33/images/funko/upload/48668a_POPAnimation_DBZ_Recoome_GLAM-WEB.png",
      "imagenCaja": "https://funko.com/dw/image/v2/BGTS_PRD/on/demandware.static/-/Sites-funko-master-catalog/default/dw2d664831/images/funko/upload/48668a_POPAnimation_DBZ_Recoome_GLAM-1-WEB.png",
      "categorias": [
        "Anime",
        "Dragon Ball Z",
        "Recoome"
      ],
      "precio": 12,
      "oferta": "false",
      "descuentoPorcentaje": 0,
      "stock": 48,
      "cantidadVendidos": 0
    },
    {
      "id": "22",
      "nombre": "DENDE",
      "imagenFunko": "https://funko.com/dw/image/v2/BGTS_PRD/on/demandware.static/-/Sites-funko-master-catalog/default/dwc70a8b42/images/funko/upload/69187a_POPAnimation_DBZ_Dende_GLAM-WEB.png",
      "imagenCaja": "https://funko.com/dw/image/v2/BGTS_PRD/on/demandware.static/-/Sites-funko-master-catalog/default/dw016ba692/images/funko/upload/69187a_POPAnimation_DBZ_Dende_FYE_GLAM-1-WEB.png",
      "categorias": [
        "Anime",
        "Dragon Ball Z",
        "Dende"
      ],
      "precio": 15,
      "oferta": "false",
      "descuentoPorcentaje": 0,
      "stock": 73,
      "cantidadVendidos": 0
    },
    {
      "id": "23",
      "nombre": "GOKU CON ALAS",
      "imagenFunko": "https://funko.com/dw/image/v2/BGTS_PRD/on/demandware.static/-/Sites-funko-master-catalog/default/dwcc04d541/images/funko/upload/71177_POPAnimation_DBZ_Goku_wWings_GLAM-WEB.png",
      "imagenCaja": "https://funko.com/dw/image/v2/BGTS_PRD/on/demandware.static/-/Sites-funko-master-catalog/default/dw8ccd92fd/images/funko/upload/71177_POPAnimation_DBZ_Goku_wWings_IE_GLAM-1-WEB.png",
      "categorias": [
        "Anime",
        "Dragon Ball Z",
        "Goku"
      ],
      "precio": 15,
      "oferta": "false",
      "descuentoPorcentaje": 0,
      "stock": 190,
      "cantidadVendidos": 0
    },
    {
      "id": "24",
      "nombre": "SUPER BUU CON FANTASMAS",
      "imagenFunko": "https://funko.com/dw/image/v2/BGTS_PRD/on/demandware.static/-/Sites-funko-master-catalog/default/dwe1621079/images/funko/upload/71556_POPAnimation_DBZ_Buu_wGhost_wCH_GLAM-WEB%20-%20Copy.png",
      "imagenCaja": "https://funko.com/dw/image/v2/BGTS_PRD/on/demandware.static/-/Sites-funko-master-catalog/default/dw87995499/images/funko/upload/71556_POPAnimation_DBZ_Buu_wGhost_wCH_CH_GLAM-1-WEB.png",
      "categorias": [
        "Anime",
        "Dragon Ball Z",
        "Buu"
      ],
      "precio": 15,
      "oferta": "false",
      "descuentoPorcentaje": 0,
      "stock": 154,
      "cantidadVendidos": 0
    },
    {
      "id": "25",
      "nombre": "DR. GERO",
      "imagenFunko": "https://funko.com/dw/image/v2/BGTS_PRD/on/demandware.static/-/Sites-funko-master-catalog/default/dw3d915c3b/images/funko/48664-1.png",
      "imagenCaja": "https://funko.com/dw/image/v2/BGTS_PRD/on/demandware.static/-/Sites-funko-master-catalog/default/dwae68bedb/images/funko/48664-2.png",
      "categorias": [
        "Anime",
        "Dragon Ball Z",
        "Dr. Gero"
      ],
      "precio": 12,
      "oferta": "false",
      "descuentoPorcentaje": 0,
      "stock": 135,
      "cantidadVendidos": 0
    },
    {
      "id": "26",
      "nombre": "GOKU (ULTRA INSTINTO CON KAMEHAMEHA)",
      "imagenFunko": "https://funko.com/dw/image/v2/BGTS_PRD/on/demandware.static/-/Sites-funko-master-catalog/default/dw265cab15/images/funko/58450-1.png",
      "imagenCaja": "https://funko.com/dw/image/v2/BGTS_PRD/on/demandware.static/-/Sites-funko-master-catalog/default/dw14a9d4cc/images/funko/58450-2.png",
      "categorias": [
        "Anime",
        "Dragon Ball Super",
        "Goku"
      ],
      "precio": 15,
      "oferta": "true",
      "descuentoPorcentaje": 15,
      "stock": 140,
      "cantidadVendidos": 0
    },
    {
      "id": "27",
      "nombre": "SUPER SAIYAN GOKU",
      "imagenFunko": "https://funko.com/dw/image/v2/BGTS_PRD/on/demandware.static/-/Sites-funko-master-catalog/default/dw24649f76/images/funko/48600-1.png",
      "imagenCaja": "https://funko.com/dw/image/v2/BGTS_PRD/on/demandware.static/-/Sites-funko-master-catalog/default/dw4f3f4338/images/funko/48600-2.png",
      "categorias": [
        "Anime",
        "Dragon Ball Z",
        "Goku"
      ],
      "precio": 12,
      "oferta": "false",
      "descuentoPorcentaje": 0,
      "stock": 120,
      "cantidadVendidos": 0
    },
    {
      "id": "28",
      "nombre": "FREEZER (CUARTA FORMA)",
      "imagenFunko": "https://funko.com/dw/image/v2/BGTS_PRD/on/demandware.static/-/Sites-funko-master-catalog/default/dw63a11e29/images/funko/48601-1.png",
      "imagenCaja": "https://funko.com/dw/image/v2/BGTS_PRD/on/demandware.static/-/Sites-funko-master-catalog/default/dw63e027c3/images/funko/48601-2.png",
      "categorias": [
        "Anime",
        "Dragon Ball Z",
        "Freezer"
      ],
      "precio": 12,
      "oferta": "false",
      "descuentoPorcentaje": 0,
      "stock": 115,
      "cantidadVendidos": 0
    },
    {
      "id": "29",
      "nombre": "SUPER SAIYAN ROSÉ GOKU BLACK (GLOW)",
      "imagenFunko": "https://funko.com/dw/image/v2/BGTS_PRD/on/demandware.static/-/Sites-funko-master-catalog/default/dwda598d78/images/funko/upload/76944_POPAnimation_DBS_Goku(Rose-BLK)(GW)_GLAM-WEB.png",
      "imagenCaja": "https://funko.com/dw/image/v2/BGTS_PRD/on/demandware.static/-/Sites-funko-master-catalog/default/dwc99775d3/images/funko/upload/76944_POPAnimation_DBS_Goku(Rose-BLK)(GW)_GLAM-1-HT-WEB1.png",
      "categorias": [
        "Anime",
        "Dragon Ball Super",
        "Goku Black"
      ],
      "precio": 15,
      "oferta": "false",
      "descuentoPorcentaje": 0,
      "stock": 15,
      "cantidadVendidos": 0
    },
    {
      "id": "30",
      "nombre": "JIREN",
      "imagenFunko": "https://funko.com/dw/image/v2/BGTS_PRD/on/demandware.static/-/Sites-funko-master-catalog/default/dw75d5c8e8/images/funko/58016-1.png",
      "imagenCaja": "https://funko.com/dw/image/v2/BGTS_PRD/on/demandware.static/-/Sites-funko-master-catalog/default/dw9355330b/images/funko/58016-2.png",
      "categorias": [
        "Anime",
        "Dragon Ball Super",
        "Jiren"
      ],
      "precio": 12,
      "oferta": "false",
      "descuentoPorcentaje": 0,
      "stock": 36,
      "cantidadVendidos": 2
    },
    {
      "id": "31",
      "nombre": "SHIN",
      "imagenFunko": "https://funko.com/dw/image/v2/BGTS_PRD/on/demandware.static/-/Sites-funko-master-catalog/default/dw10fcd30d/images/funko/58018-1.png",
      "imagenCaja": "https://funko.com/dw/image/v2/BGTS_PRD/on/demandware.static/-/Sites-funko-master-catalog/default/dwb5437d7a/images/funko/58018-2.png",
      "categorias": [
        "Anime",
        "Dragon Ball Super",
        "Shin"
      ],
      "precio": 12,
      "oferta": "true",
      "descuentoPorcentaje": 15,
      "stock": 24,
      "cantidadVendidos": 0
    },
    {
      "id": "32",
      "nombre": "ZAMASU FUSIONADO (GLOW)",
      "imagenFunko": "https://funko.com/dw/image/v2/BGTS_PRD/on/demandware.static/-/Sites-funko-master-catalog/default/dw7cf07c5c/images/funko/upload/74395_DBS_Zamasu_POP_GLAM-WEB.png",
      "imagenCaja": "https://funko.com/dw/image/v2/BGTS_PRD/on/demandware.static/-/Sites-funko-master-catalog/default/dw77d201d0/images/funko/upload/74395_DBS_Zamasu_FW_POP_GLAM-1-WEB.png",
      "categorias": [
        "Anime",
        "Dragon Ball Super",
        "Zamasu"
      ],
      "precio": 15,
      "oferta": "false",
      "descuentoPorcentaje": 0,
      "stock": 132,
      "cantidadVendidos": 0
    },
    {
      "id": "33",
      "nombre": "SUPER SAIYAN TRUNKS CON ESPADA",
      "imagenFunko": "https://funkoeurope.com/cdn/shop/products/58019_DragonBall_TrunksSpiritSword_POP_GLAM-WEB_700x.png",
      "imagenCaja": "https://funkoeurope.com/cdn/shop/products/58019_DragonBall_TrunksSpiritSword_POP_GLAM-1-WEB_700x.png",
      "categorias": [
        "Anime",
        "Dragon Ball Super",
        "Trunks"
      ],
      "precio": 16,
      "oferta": "true",
      "descuentoPorcentaje": 15,
      "stock": 110,
      "cantidadVendidos": 0
    },
    {
      "id": "34",
      "nombre": "KALE",
      "imagenFunko": "https://funkoeurope.com/cdn/shop/products/58017_DragonBall_Kale_POP_GLAM-WEB_700x.png",
      "imagenCaja": "https://funkoeurope.com/cdn/shop/products/58017_DragonBall_Kale_POP_GLAM-1-WEB_700x.png",
      "categorias": [
        "Anime",
        "Dragon Ball Super",
        "Kale"
      ],
      "precio": 16,
      "oferta": "false",
      "descuentoPorcentaje": 0,
      "stock": 0,
      "cantidadVendidos": 0
    },
    {
      "id": "35",
      "nombre": "PRINCESA ANNA",
      "imagenFunko": "https://media.pop-busters.com/media/catalog/product/5/6/56348_Disney_UltimatePrincess_Anna_POP_Renders_GLAM_WEB__1__10d9.png",
      "imagenCaja": "https://media.pop-busters.com/media/catalog/product/5/6/56348_Disney_UltimatePrincess_Anna_POP_Renders_GLAM_1_WEB__1__cef2.png",
      "categorias": [
        "Disney",
        "Frozen",
        "Anna"
      ],
      "precio": 16.95,
      "oferta": "false",
      "descuentoPorcentaje": 0,
      "stock": 105,
      "cantidadVendidos": 0
    },
    {
      "id": "36",
      "nombre": "PRINCESA ELSA",
      "imagenFunko": "https://media.pop-busters.com/media/catalog/product/5/6/56350_Disney_UltimatePrincess_Elsa_POP_Renders_GLAM_WEB_d00f.png",
      "imagenCaja": "https://media.pop-busters.com/media/catalog/product/5/6/56350_Disney_UltimatePrincess_Elsa_POP_Renders_GLAM_1_WEB_6de5.png",
      "categorias": [
        "Disney",
        "Frozen",
        "Elsa"
      ],
      "precio": 17.95,
      "oferta": "true",
      "descuentoPorcentaje": 15,
      "stock": 70,
      "cantidadVendidos": 7
    },
    {
      "id": "37",
      "nombre": "DISNEY 100 ELSA",
      "imagenFunko": "https://media.pop-busters.com/media/catalog/product/6/7/67973_Disney_Elsa_POP_GLAM_WEB_615c.png",
      "imagenCaja": "https://media.pop-busters.com/media/catalog/product/6/7/67973_Disney_Elsa_POP_GLAM_1_WEB_deac.png",
      "categorias": [
        "Disney",
        "Frozen",
        "Elsa"
      ],
      "precio": 17.95,
      "oferta": "false",
      "descuentoPorcentaje": 0,
      "stock": 32,
      "cantidadVendidos": 0
    },
    {
      "id": "38",
      "nombre": "FUEGOLEON",
      "imagenFunko": "https://funko.com/dw/image/v2/BGTS_PRD/on/demandware.static/-/Sites-funko-master-catalog/default/dw5c9faf13/images/funko/upload/72116_BlackClover_S3_Fuegoleon_POP_GLAM-WEB.png",
      "imagenCaja": "https://funko.com/dw/image/v2/BGTS_PRD/on/demandware.static/-/Sites-funko-master-catalog/default/dw1ebcb6cd/images/funko/upload/72116_BlackClover_S3_Fuegoleon_POP_GLAM-1-WEB.png",
      "categorias": [
        "Anime",
        "Black Clover",
        "Fuegoleon"
      ],
      "precio": 12.95,
      "oferta": "false",
      "descuentoPorcentaje": 0,
      "stock": 49,
      "cantidadVendidos": 0
    },
    {
      "id": "39",
      "nombre": "ASTA CON NERO",
      "imagenFunko": "https://funko.com/dw/image/v2/BGTS_PRD/on/demandware.static/-/Sites-funko-master-catalog/default/dw4393222a/images/funko/upload/72115_BlackClover_S3_AstaWithNero_POP_GLAM-WEB.png",
      "imagenCaja": "https://funko.com/dw/image/v2/BGTS_PRD/on/demandware.static/-/Sites-funko-master-catalog/default/dwa418eb02/images/funko/upload/72115_BlackClover_S3_AstaWithNero_POP_GLAM-1-WEB.png",
      "categorias": [
        "Anime",
        "Black Clover",
        "Asta"
      ],
      "precio": 12.95,
      "oferta": "false",
      "descuentoPorcentaje": 0,
      "stock": 37,
      "cantidadVendidos": 0
    },
    {
      "id": "40",
      "nombre": "KLAUS CON GRIMORIO",
      "imagenFunko": "https://funko.com/dw/image/v2/BGTS_PRD/on/demandware.static/-/Sites-funko-master-catalog/default/dw5757c6d2/images/funko/upload/72118_BlackClover_S3_Klaus_POP_GLAM-WEB.png",
      "imagenCaja": "https://funko.com/dw/image/v2/BGTS_PRD/on/demandware.static/-/Sites-funko-master-catalog/default/dwc02daef9/images/funko/upload/72118_BlackClover_S3_Klaus_POP_GLAM-1-WEB.png",
      "categorias": [
        "Anime",
        "Black Clover",
        "Klaus"
      ],
      "precio": 12,
      "oferta": "false",
      "descuentoPorcentaje": 0,
      "stock": 123,
      "cantidadVendidos": 0
    },
    {
      "id": "41",
      "nombre": "JULIUS",
      "imagenFunko": "https://funko.com/dw/image/v2/BGTS_PRD/on/demandware.static/-/Sites-funko-master-catalog/default/dwb301b534/images/funko/upload/72117_BlackClover_S3_Julius_POP_GLAM-WEB.png",
      "imagenCaja": "https://funko.com/dw/image/v2/BGTS_PRD/on/demandware.static/-/Sites-funko-master-catalog/default/dwd1fb8fc0/images/funko/upload/72117_BlackClover_S3_Julius_POP_GLAM-1-WEB.png",
      "categorias": [
        "Anime",
        "Black Clover",
        "Julius"
      ],
      "precio": 12,
      "oferta": "false",
      "descuentoPorcentaje": 0,
      "stock": 46,
      "cantidadVendidos": 0
    },
    {
      "id": "42",
      "nombre": "MIMOSA CON GRIMORIO",
      "imagenFunko": "https://funko.com/dw/image/v2/BGTS_PRD/on/demandware.static/-/Sites-funko-master-catalog/default/dwac9ff6ff/images/funko/upload/72119_BlackClover_S3_Mimosa_POP_GLAM-WEB.png",
      "imagenCaja": "https://funko.com/dw/image/v2/BGTS_PRD/on/demandware.static/-/Sites-funko-master-catalog/default/dw135ec0cd/images/funko/upload/72119_BlackClover_S3_Mimosa_POP_GLAM-1-WEB.png",
      "categorias": [
        "Anime",
        "Black Clover",
        "Mimosa"
      ],
      "precio": 12,
      "oferta": "true",
      "descuentoPorcentaje": 15,
      "stock": 65,
      "cantidadVendidos": 0
    },
    {
      "id": "43",
      "nombre": "MARS CON GRIMORIO",
      "imagenFunko": "https://funko.com/dw/image/v2/BGTS_PRD/on/demandware.static/-/Sites-funko-master-catalog/default/dw779289c3/images/funko/upload/71289_BlackClover_S2_MarsWithBook_POP_GLAM-WEB.png",
      "imagenCaja": "https://funko.com/dw/image/v2/BGTS_PRD/on/demandware.static/-/Sites-funko-master-catalog/default/dw31fc709d/images/funko/upload/71289_BlackClover_S2_MarsWithBook_POP_GSE_GLAM-1-WEB.png",
      "categorias": [
        "Anime",
        "Black Clover",
        "Mars"
      ],
      "precio": 15,
      "oferta": "false",
      "descuentoPorcentaje": 0,
      "stock": 132,
      "cantidadVendidos": 0
    },
    {
      "id": "44",
      "nombre": "BLACK ASTA",
      "imagenFunko": "https://funko.com/dw/image/v2/BGTS_PRD/on/demandware.static/-/Sites-funko-master-catalog/default/dw632c86af/images/funko/upload/70568_BlackClover_S2_Asta_POP_GLAM-WEB.png",
      "imagenCaja": "https://funko.com/dw/image/v2/BGTS_PRD/on/demandware.static/-/Sites-funko-master-catalog/default/dw5bd11b4f/images/funko/upload/70568_BlackClover_S2_Asta_POP_GLAM-1-WEB.png",
      "categorias": [
        "Anime",
        "Black Clover",
        "Asta"
      ],
      "precio": 12,
      "oferta": "false",
      "descuentoPorcentaje": 0,
      "stock": 48,
      "cantidadVendidos": 0
    },
    {
      "id": "45",
      "nombre": "YUNO",
      "imagenFunko": "https://funko.com/dw/image/v2/BGTS_PRD/on/demandware.static/-/Sites-funko-master-catalog/default/dwb46190e1/images/funko/60698-1.png",
      "imagenCaja": "https://funko.com/dw/image/v2/BGTS_PRD/on/demandware.static/-/Sites-funko-master-catalog/default/dw984de3f4/images/funko/60698-3.png",
      "categorias": [
        "Anime",
        "Black Clover",
        "Yuno"
      ],
      "precio": 12,
      "oferta": "false",
      "descuentoPorcentaje": 0,
      "stock": 200,
      "cantidadVendidos": 0
    },
    {
      "id": "46",
      "nombre": "YAMI",
      "imagenFunko": "https://funko.com/dw/image/v2/BGTS_PRD/on/demandware.static/-/Sites-funko-master-catalog/default/dwa53bd8d1/images/funko/upload/70570_BlackClover_S2_Yami_POP_GLAM-WEB.png",
      "imagenCaja": "https://funko.com/dw/image/v2/BGTS_PRD/on/demandware.static/-/Sites-funko-master-catalog/default/dw8c20abc0/images/funko/upload/70570_BlackClover_S2_Yami_POP_GLAM-1-WEB.png",
      "categorias": [
        "Anime",
        "Black Clover",
        "Yami"
      ],
      "precio": 12,
      "oferta": "false",
      "descuentoPorcentaje": 0,
      "stock": 165,
      "cantidadVendidos": 0
    },
    {
      "id": "47",
      "nombre": "NOELLE CON ARMADURA DE VALQUIRIA",
      "imagenFunko": "https://funko.com/dw/image/v2/BGTS_PRD/on/demandware.static/-/Sites-funko-master-catalog/default/dw811a6edc/images/funko/upload/70569_BlackClover_S2_Noelle_POP_GLAM-WEB.png",
      "imagenCaja": "https://funko.com/dw/image/v2/BGTS_PRD/on/demandware.static/-/Sites-funko-master-catalog/default/dwe3b89bb7/images/funko/upload/70569_BlackClover_S2_Noelle_POP_GLAM-1-WEB.png",
      "categorias": [
        "Anime",
        "Black Clover",
        "Noelle"
      ],
      "precio": 12,
      "oferta": "false",
      "descuentoPorcentaje": 0,
      "stock": 0,
      "cantidadVendidos": 0
    },
    {
      "id": "48",
      "nombre": "YUNO (SPIRIT OF ZEPHYR)",
      "imagenFunko": "https://funko.com/dw/image/v2/BGTS_PRD/on/demandware.static/-/Sites-funko-master-catalog/default/dwd3249193/images/funko/upload/70571_BlackClover_S2_Yuno_POP_GLAM-WEB.png",
      "imagenCaja": "https://funko.com/dw/image/v2/BGTS_PRD/on/demandware.static/-/Sites-funko-master-catalog/default/dwd43f9f6d/images/funko/upload/70571_BlackClover_S2_Yuno_POP_GLAM-1-WEB.png",
      "categorias": [
        "Anime",
        "Black Clover",
        "Yuno"
      ],
      "precio": 12,
      "oferta": "false",
      "descuentoPorcentaje": 0,
      "stock": 23,
      "cantidadVendidos": 2
    },
    {
      "id": "49",
      "nombre": "NOELLE",
      "imagenFunko": "https://funko.com/dw/image/v2/BGTS_PRD/on/demandware.static/-/Sites-funko-master-catalog/default/dw6870e0ec/images/funko/59240-1.png",
      "imagenCaja": "https://funko.com/dw/image/v2/BGTS_PRD/on/demandware.static/-/Sites-funko-master-catalog/default/dwc2dffd19/images/funko/59240-3.png",
      "categorias": [
        "Anime",
        "Black Clover",
        "Noelle"
      ],
      "precio": 12,
      "oferta": "true",
      "descuentoPorcentaje": 15,
      "stock": 65,
      "cantidadVendidos": 1
    },
    {
      "id": "50",
      "nombre": "VEGITO",
      "imagenFunko": "https://media.pop-busters.com/media/catalog/product/i/m/img_205895_0c0b4623ef74f9efcd77a1b106137fa2_1_f027.jpg",
      "imagenCaja": "https://media.pop-busters.com/media/catalog/product/i/m/img_248154_790703d452ca208e67fb69246554b9f7_1_9899.jpg",
      "categorias": [
        "Anime",
        "Dragon Ball Z",
        "Vegito"
      ],
      "precio": 15.95,
      "oferta": "false",
      "descuentoPorcentaje": 0,
      "stock": 48,
      "cantidadVendidos": 0
    },
    {
      "id": "51",
      "nombre": "SUPER SAIYAN ROSÉ GOKU BLACK",
      "imagenFunko": "https://media.pop-busters.com/media/catalog/product/5/8/58015_DragonBall_GokuBlackScythe_POP_GLAM_WEB_9475.png",
      "imagenCaja": "https://media.pop-busters.com/media/catalog/product/5/8/58015_DragonBall_GokuBlackScythe_POP_GLAM_1_WEB_b3d3.png",
      "categorias": [
        "Anime",
        "Dragon Ball Super",
        "Goku Black"
      ],
      "precio": 15.95,
      "oferta": "false",
      "descuentoPorcentaje": 0,
      "stock": 73,
      "cantidadVendidos": 0
    },
    {
      "id": "52",
      "nombre": "SUPER SAIYAN CAULIFLA",
      "imagenFunko": "https://media.pop-busters.com/media/catalog/product/6/c/6c35038eb125b37b63e062d7cbc11eb74f257cd7_5a1e.jpg",
      "imagenCaja": "https://media.pop-busters.com/media/catalog/product/8/7/87ff62fee3a1e3eaff137d9c87e460936084e26e_e1ae.jpg",
      "categorias": [
        "Anime",
        "Dragon Ball Super",
        "Caulifla"
      ],
      "precio": 14.95,
      "oferta": "false",
      "descuentoPorcentaje": 0,
      "stock": 95,
      "cantidadVendidos": 0
    },
    {
      "id": "53",
      "nombre": "VEGETA",
      "imagenFunko": "https://media.pop-busters.com/media/catalog/product/4/c/4c66b05263d52d18c5abafa6a5f226f030e63603_a3dd.jpg",
      "imagenCaja": "https://media.pop-busters.com/media/catalog/product/f/u/funko_pop_dragon_ball_z_814_vegeta_03_0355.jpg",
      "categorias": [
        "Anime",
        "Dragon Ball Super",
        "Vegeta"
      ],
      "precio": 18.95,
      "oferta": "true",
      "descuentoPorcentaje": 15,
      "stock": 12,
      "cantidadVendidos": 0
    },
    {
      "id": "54",
      "nombre": "DODORIA",
      "imagenFunko": "https://media.pop-busters.com/media/catalog/product/i/m/img_329930_438e1aa4e9057e4929f18e7f633f0739_1_de83.jpg",
      "imagenCaja": "https://media.pop-busters.com/media/catalog/product/i/m/img_329911_ebb2a85640e2ccbc3fae11c18e67df77_1_5d70.jpg",
      "categorias": [
        "Anime",
        "Dragon Ball Z",
        "Dodorian"
      ],
      "precio": 23.95,
      "oferta": "false",
      "descuentoPorcentaje": 0,
      "stock": 0,
      "cantidadVendidos": 0
    },
    {
      "id": "55",
      "nombre": "CELL (PRIMERA FORMA)",
      "imagenFunko": "https://media.pop-busters.com/media/catalog/product/i/m/img_321974_55b7232b0714cb469638b53344eab4c5_1_77f3.jpg",
      "imagenCaja": "https://media.pop-busters.com/media/catalog/product/i/m/img_321975_fb2f0228c8a5014288647cf535fe8178_1_f50b.jpg",
      "categorias": [
        "Anime",
        "Dragon Ball Z",
        "Cell"
      ],
      "precio": 21.95,
      "oferta": "false",
      "descuentoPorcentaje": 0,
      "stock": 175,
      "cantidadVendidos": 0
    },
    {
      "id": "56",
      "nombre": "GOKU ULTRA INSTINTO",
      "imagenFunko": "https://media.pop-busters.com/media/catalog/product/8/a/8acc765a993e111b07e42b98071ac036eb142b80_9c69.jpg",
      "imagenCaja": "https://media.pop-busters.com/media/catalog/product/6/0/607754cfebd669142dec96ca402ad5e3f1dcab46_3d7c.jpg",
      "categorias": [
        "Anime",
        "Dragon Ball Super",
        "Goku"
      ],
      "precio": 19.95,
      "oferta": "false",
      "descuentoPorcentaje": 0,
      "stock": 164,
      "cantidadVendidos": 1
    },
    {
      "id": "57",
      "nombre": "MAI DEL FUTURO",
      "imagenFunko": "https://media.pop-busters.com/media/catalog/product/3/d/3d85818325e1fc330f4409e07923feacb9376e98_a158.jpg",
      "imagenCaja": "https://media.pop-busters.com/media/catalog/product/f/u/funko_pop_dragonball_z_817_future_mai_03_2e4b.jpg",
      "categorias": [
        "Anime",
        "Dragon Ball Super",
        "Mai"
      ],
      "precio": 15.95,
      "oferta": "true",
      "descuentoPorcentaje": 15,
      "stock": 142,
      "cantidadVendidos": 0
    },
    {
      "id": "58",
      "nombre": "FREEZER",
      "imagenFunko": "https://media.pop-busters.com/media/catalog/product/F/u/Funko_POP_MechaFrieza_705_3_7384.jpg",
      "imagenCaja": "https://media.pop-busters.com/media/catalog/product/1/b/1b3fcfa6032a5ce270fdd477206532aa410c32d6_eec4.jpg",
      "categorias": [
        "Anime",
        "Dragon Ball Z",
        "Freezer"
      ],
      "precio": 16.25,
      "oferta": "false",
      "descuentoPorcentaje": 0,
      "stock": 18,
      "cantidadVendidos": 0
    },
    {
      "id": "59",
      "nombre": "SS GOHAN",
      "imagenFunko": "https://media.pop-busters.com/media/catalog/product/c/e/ce24a7bd13c9ed74988d84802101311d4d9fa5be_ddf3.jpg",
      "imagenCaja": "https://media.pop-busters.com/media/catalog/product/f/u/funko_pop_dragon_ball_z_858_super_saiyan_gohan_03_22f9.png",
      "categorias": [
        "Anime",
        "Dragon Ball Z",
        "Gohan"
      ],
      "precio": 15.95,
      "oferta": "false",
      "descuentoPorcentaje": 0,
      "stock": 130,
      "cantidadVendidos": 0
    },
    {
      "id": "60",
      "nombre": "BUU MALVADO",
      "imagenFunko": "https://media.pop-busters.com/media/catalog/product/c/2/c210e0ac9440053baa25df000873ab4ad8c8ceaa_e9be.jpg",
      "imagenCaja": "https://media.pop-busters.com/media/catalog/product/f/u/funko_pop_dragon_ball_z_864_majin_buu_evil_01_76ec.jpeg",
      "categorias": [
        "Anime",
        "Dragon Ball Z",
        "Buu"
      ],
      "precio": 15.95,
      "oferta": "false",
      "descuentoPorcentaje": 0,
      "stock": 138,
      "cantidadVendidos": 1
    },
    {
      "id": "61",
      "nombre": "PRÍNCIPE VEGETA",
      "imagenFunko": "https://media.pop-busters.com/media/catalog/product/4/0/40c79f2383fc90715e5a1278b1d88aa2c49cad7d_c12f.jpg",
      "imagenCaja": "https://media.pop-busters.com/media/catalog/product/6/7/67cc48fbe9ad3f295ac18cce18baa10ef8eaabb8_ed69.jpg",
      "categorias": [
        "Anime",
        "Dragon Ball Z",
        "Vegeta"
      ],
      "precio": 18.95,
      "oferta": "false",
      "descuentoPorcentaje": 0,
      "stock": 125,
      "cantidadVendidos": 0
    },
    {
      "id": "62",
      "nombre": "ANDROIDE 16",
      "imagenFunko": "https://media.pop-busters.com/media/catalog/product/5/b/5b49c5cc3cd2a9a1c0bf32ec3a5fad81e3a3fb0e_d952.jpg",
      "imagenCaja": "https://media.pop-busters.com/media/catalog/product/0/d/0d5fd39368141cadb20c8bf1cebf284b12870500_a756.jpg",
      "categorias": [
        "Anime",
        "Dragon Ball Z",
        "Androide 16"
      ],
      "precio": 18.95,
      "oferta": "false",
      "descuentoPorcentaje": 0,
      "stock": 114,
      "cantidadVendidos": 0
    },
    {
      "id": "63",
      "nombre": "DRAGÓN SHENRON",
      "imagenFunko": "https://media.pop-busters.com/media/catalog/product/f/u/funko_pop_dragon_ball_859_shenron_03_58a5.jpg",
      "imagenCaja": "https://media.pop-busters.com/media/catalog/product/f/u/funko_pop_dragon_ball_859_shenron_01_4248.jpeg",
      "categorias": [
        "Anime",
        "Dragon Ball Z",
        "Shenron"
      ],
      "precio": 48.95,
      "oferta": "false",
      "descuentoPorcentaje": 0,
      "stock": 14,
      "cantidadVendidos": 0
    },
    {
      "id": "64",
      "nombre": "BLACK ASTA",
      "imagenFunko": "https://funkoeurope.com/cdn/shop/files/74522_BlackClover_S3_DemonAstaGW_POP_GLAM-WEB-Copy_700x.png",
      "imagenCaja": "https://funkoeurope.com/cdn/shop/files/74522_BlackClover_S3_DemonAstaGW_POP_GLAM-1-IE-WEB_700x.png",
      "categorias": [
        "Anime",
        "Black Clover",
        "Asta"
      ],
      "precio": 18,
      "oferta": "false",
      "descuentoPorcentaje": 0,
      "stock": 42,
      "cantidadVendidos": 0
    },
    {
      "id": "65",
      "nombre": "WENDY",
      "imagenFunko": "https://media.pop-busters.com/media/catalog/product/7/0/70698_PeterPan70th_Wendy_POP_GLAM_WEB_56d1.png",
      "imagenCaja": "https://media.pop-busters.com/media/catalog/product/7/0/70698_Disney_PeterPan70yr_WendyFlying_POPdisney_GLAM_1_WEB_c0ef.png",
      "categorias": [
        "Disney",
        "Peter pan",
        "Wendy"
      ],
      "precio": 15.95,
      "oferta": "true",
      "descuentoPorcentaje": 15,
      "stock": 32,
      "cantidadVendidos": 7
    },
    {
      "id": "66",
      "nombre": "CAMPANILLA EN CARRETE",
      "imagenFunko": "https://media.pop-busters.com/media/catalog/product/5/8/58794_Disney_TinkerBell_DeluxePOP_GLAM_1_WEB_5f9f.png",
      "imagenCaja": "https://media.pop-busters.com/media/catalog/product/5/8/58794_Disney_TinkerBell_DeluxePOP_IE_GLAM_1_1_WEB__Copy__7869.png",
      "categorias": [
        "Disney",
        "Peter pan",
        "Campanilla"
      ],
      "precio": 49.95,
      "oferta": "false",
      "descuentoPorcentaje": 0,
      "stock": 73,
      "cantidadVendidos": 1
    },
    {
      "id": "67",
      "nombre": "MIRABEL CON CASITA",
      "imagenFunko": "https://funko.com/dw/image/v2/BGTS_PRD/on/demandware.static/-/Sites-funko-master-catalog/default/dwa6966085/images/funko/upload/73717-POPTowns-Encanto-Casita-Mirabel-GLAM-WEB.png?sw=800&sh=800",
      "imagenCaja": "https://funko.com/dw/image/v2/BGTS_PRD/on/demandware.static/-/Sites-funko-master-catalog/default/dwa183ff7a/images/funko/upload/73717-POPTowns-Encanto-Casita-GLAM-1-WEB.png?sw=800&sh=800",
      "categorias": [
        "Disney",
        "Encanto",
        "Mirabel"
      ],
      "precio": 35.95,
      "oferta": "false",
      "descuentoPorcentaje": 0,
      "stock": 12,
      "cantidadVendidos": 0
    },
    {
      "id": "68",
      "nombre": "DIN DON",
      "imagenFunko": "https://media.pop-busters.com/media/catalog/product/6/6/66d0758b8d473659f241400e0bd73057edf115bf_52dd.jpg",
      "imagenCaja": "https://media.pop-busters.com/media/catalog/product/a/7/a721bbbb58ce56da02ade06aaab4c1d5eb7802a8_b099.jpg",
      "categorias": [
        "Disney",
        "La bella y la bestia",
        "Din don"
      ],
      "precio": 17.95,
      "oferta": "false",
      "descuentoPorcentaje": 0,
      "stock": 22,
      "cantidadVendidos": 0
    },
    {
      "id": "69",
      "nombre": "BELLA",
      "imagenFunko": "https://media.pop-busters.com/media/catalog/product/1/f/1fd093d657b6406097bda0dac58418665870f0be_201e.jpg",
      "imagenCaja": "https://media.pop-busters.com/media/catalog/product/3/9/39f2bd0c6f155c439f2aebee175ca0e66ec92cff_7156.jpg",
      "categorias": [
        "Disney",
        "La bella y la bestia",
        "Bella"
      ],
      "precio": 17.95,
      "oferta": "false",
      "descuentoPorcentaje": 0,
      "stock": 88,
      "cantidadVendidos": 0
    },
    {
      "id": "70",
      "nombre": "BESTIA",
      "imagenFunko": "https://media.pop-busters.com/media/catalog/product/a/9/a9476e1ac840d16f447fa1098826434c8ef36614_44ca.jpg",
      "imagenCaja": "https://media.pop-busters.com/media/catalog/product/7/1/717103ed552e57d9a9b020c48e547c60357466da_6b05.jpg",
      "categorias": [
        "Disney",
        "La bella y la bestia",
        "Bestia"
      ],
      "precio": 17.95,
      "oferta": "true",
      "descuentoPorcentaje": 15,
      "stock": 44,
      "cantidadVendidos": 0
    },
    {
      "id": "71",
      "nombre": "GASTÓN",
      "imagenFunko": "https://media.pop-busters.com/media/catalog/product/e/b/eb7c3a574880054f722bccd3f5ad06e8adfbca9e_09fa.jpg",
      "imagenCaja": "https://media.pop-busters.com/media/catalog/product/0/4/047b64f56b897e74dbd3c1d29283bc3074c7ef8d_b68b.jpg",
      "categorias": [
        "Disney",
        "La bella y la bestia",
        "Gastón"
      ],
      "precio": 16.95,
      "oferta": "false",
      "descuentoPorcentaje": 0,
      "stock": 78,
      "cantidadVendidos": 0
    },
    {
      "id": "72",
      "nombre": "LUMIERE",
      "imagenFunko": "https://media.pop-busters.com/media/catalog/product/5/f/5ff7be826f0b5be8bda279984df78bed0d3beecf_6a4b.jpg",
      "imagenCaja": "https://media.pop-busters.com/media/catalog/product/5/2/5244a4fa6cb9553789a9808653f29aba982d78da_3d6e.jpg",
      "categorias": [
        "Disney",
        "La bella y la bestia",
        "Lumiere"
      ],
      "precio": 17.95,
      "oferta": "false",
      "descuentoPorcentaje": 0,
      "stock": 71,
      "cantidadVendidos": 0
    },
    {
      "id": "73",
      "nombre": "BELLA (INVIERNO)",
      "imagenFunko": "https://media.pop-busters.com/media/catalog/product/f/4/f4d012f59b1c4c7827e040194d25758b2188cb6b_930c.jpg",
      "imagenCaja": "https://media.pop-busters.com/media/catalog/product/2/f/2f80d5a5e31e84fe91b19af1bcf0330a1babb06e_af41.jpg",
      "categorias": [
        "Disney",
        "La bella y la bestia",
        "Bella"
      ],
      "precio": 19.95,
      "oferta": "false",
      "descuentoPorcentaje": 0,
      "stock": 43,
      "cantidadVendidos": 0
    },
    {
      "id": "74",
      "nombre": "BELLA",
      "imagenFunko": "https://funko.com/dw/image/v2/BGTS_PRD/on/demandware.static/-/Sites-funko-master-catalog/default/dwac2d737f/images/funko/56349-1.png",
      "imagenCaja": "https://funko.com/dw/image/v2/BGTS_PRD/on/demandware.static/-/Sites-funko-master-catalog/default/dwba24ff4d/images/funko/56349-2.png",
      "categorias": [
        "Disney",
        "La bella y la bestia",
        "Bella"
      ],
      "precio": 12,
      "oferta": "true",
      "descuentoPorcentaje": 15,
      "stock": 44,
      "cantidadVendidos": 0
    },
    {
      "id": "75",
      "nombre": "MICHAEL JACKSON (DIRTY DIANA)",
      "imagenFunko": "https://funko.com/dw/image/v2/BGTS_PRD/on/demandware.static/-/Sites-funko-master-catalog/default/dwa737a742/images/funko/upload/75386_MichaelJacksonDirtyDiana_GLAM-WEB.png",
      "imagenCaja": "https://funko.com/dw/image/v2/BGTS_PRD/on/demandware.static/-/Sites-funko-master-catalog/default/dwc1e035e0/images/funko/upload/75386_MichaelJacksonDirtyDiana_GLAM-1-WEB.png",
      "categorias": [
        "Cantantes",
        "Michael Jackson",
        "Michael Jackson"
      ],
      "precio": 17.95,
      "oferta": "true",
      "descuentoPorcentaje": 15,
      "stock": 36,
      "cantidadVendidos": 0
    },
    {
      "id": "76",
      "nombre": "MICHAEL JACKSON (HISTORY WORLD TOUR)",
      "imagenFunko": "https://funko.com/dw/image/v2/BGTS_PRD/on/demandware.static/-/Sites-funko-master-catalog/default/dw2c1469f6/images/funko/upload/77430_MichaelJacksonArmor_GLAM-WEB.png",
      "imagenCaja": "https://funko.com/dw/image/v2/BGTS_PRD/on/demandware.static/-/Sites-funko-master-catalog/default/dw5105cc88/images/funko/upload/77430_MichaelJacksonArmor_GLAM-1-WEB.png",
      "categorias": [
        "Cantantes",
        "Michael Jackson",
        "Michael Jackson"
      ],
      "precio": 19,
      "oferta": "false",
      "descuentoPorcentaje": 0,
      "stock": 77,
      "cantidadVendidos": 0
    },
    {
      "id": "77",
      "nombre": "MICHAEL JACKSON (SUPERBOWL)",
      "imagenFunko": "https://funkoeurope.com/cdn/shop/files/67403_MJackson_POPRocks_GLAM_700x.png",
      "imagenCaja": "https://funkoeurope.com/cdn/shop/files/67403_MJackson_POPRocks_GLAM-1-1-WEB_700x.png",
      "categorias": [
        "Cantantes",
        "Michael Jackson",
        "Michael Jackson"
      ],
      "precio": 16.95,
      "oferta": "false",
      "descuentoPorcentaje": 0,
      "stock": 46,
      "cantidadVendidos": 0
    },
    {
      "id": "78",
      "nombre": "MICHAEL JACKSON (1984 GRAMMYS)",
      "imagenFunko": "https://funko.com/dw/image/v2/BGTS_PRD/on/demandware.static/-/Sites-funko-master-catalog/default/dwf6358cb0/images/funko/upload/68891_MJ_1984GrammysDGLT_POP_GLAM-WEB.png",
      "imagenCaja": "https://funko.com/dw/image/v2/BGTS_PRD/on/demandware.static/-/Sites-funko-master-catalog/default/dwf3df562f/images/funko/upload/68891_MJ_1984GrammysDGLT_POP_GLAM-1-FW-WEB.png",
      "categorias": [
        "Cantantes",
        "Michael Jackson",
        "Michael Jackson"
      ],
      "precio": 16.95,
      "oferta": "false",
      "descuentoPorcentaje": 0,
      "stock": 80,
      "cantidadVendidos": 0
    },
    {
      "id": "79",
      "nombre": "MICHAEL JACKSON (THRILLER ALBUM)",
      "imagenFunko": "https://media.pop-busters.com/media/catalog/product/6/4/64039_MJThriller_POP_Album_GLAM_WEB_2de9.png",
      "imagenCaja": "https://media.pop-busters.com/media/catalog/product/6/4/64039_MJThriller_POP_Album_GLAM_1_WEB_6e54.png",
      "categorias": [
        "Cantantes",
        "Michael Jackson",
        "Michael Jackson"
      ],
      "precio": 39.95,
      "oferta": "false",
      "descuentoPorcentaje": 0,
      "stock": 33,
      "cantidadVendidos": 0
    },
    {
      "id": "80",
      "nombre": "MARIAH CAREY (THE EMANCIPATION OF MIMI)",
      "imagenFunko": "https://funko.com/dw/image/v2/BGTS_PRD/on/demandware.static/-/Sites-funko-master-catalog/default/dw5a3b55a7/images/funko/upload/75274_MariahCarey_EmancipationOfMimi_POP_GLAM-WEB.png",
      "imagenCaja": "https://funko.com/dw/image/v2/BGTS_PRD/on/demandware.static/-/Sites-funko-master-catalog/default/dwd395d4db/images/funko/upload/75274_MariahCarey_EmancipationOfMimi_POP_GLAM_1-WEB.png",
      "categorias": [
        "Cantantes",
        "Mariah Carey",
        "Mariah Carey"
      ],
      "precio": 12.95,
      "oferta": "true",
      "descuentoPorcentaje": 15,
      "stock": 45,
      "cantidadVendidos": 0
    },
    {
      "id": "81",
      "nombre": "ÁLBUM RAINBOW - MARIAH CAREY",
      "imagenFunko": "https://funko.com/dw/image/v2/BGTS_PRD/on/demandware.static/-/Sites-funko-master-catalog/default/dwb9105a17/images/funko/upload/72562_MariahCarey_Rainbow_POPAlbum_GLAM-WEB.png",
      "imagenCaja": "https://funko.com/dw/image/v2/BGTS_PRD/on/demandware.static/-/Sites-funko-master-catalog/default/dw8d4ff529/images/funko/upload/72562_MariahCarey_Rainbow_POPAlbum_GLAM-1-WEB.png",
      "categorias": [
        "Cantantes",
        "Mariah Carey",
        "Mariah Carey"
      ],
      "precio": 25.95,
      "oferta": "false",
      "descuentoPorcentaje": 0,
      "stock": 87,
      "cantidadVendidos": 0
    },
    {
      "id": "82",
      "nombre": "ÁLBUM MERRY CHRISTMAS - MARIAH CAREY",
      "imagenFunko": "https://media.pop-busters.com/media/catalog/product/u/n/unnamed__13__b1f6.png",
      "imagenCaja": "https://media.pop-busters.com/media/catalog/product/u/n/unnamed__12__a83f.png",
      "categorias": [
        "Cantantes",
        "Mariah Carey",
        "Mariah Carey"
      ],
      "precio": 25.95,
      "oferta": "false",
      "descuentoPorcentaje": 0,
      "stock": 5,
      "cantidadVendidos": 0
    },
    {
      "id": "83",
      "nombre": "MARIAH CAREY",
      "imagenFunko": "https://media.pop-busters.com/media/catalog/product/6/4/64057a_MariahCarey_Fantasy_POP_GLAM_1_WEB_7638.jpg",
      "imagenCaja": "https://media.pop-busters.com/media/catalog/product/6/4/64057a_MariahCarey_Fantasy_POP_GLAM_1_1_WEB_fe16.jpg",
      "categorias": [
        "Cantantes",
        "Mariah Carey",
        "Mariah Carey"
      ],
      "precio": 15.95,
      "oferta": "true",
      "descuentoPorcentaje": 15,
      "stock": 6,
      "cantidadVendidos": 0
    },
    {
      "id": "84",
      "nombre": "FREDDIE MERCURY (I WAS BORN TO LOVE YOU)",
      "imagenFunko": "https://funko.com/dw/image/v2/BGTS_PRD/on/demandware.static/-/Sites-funko-master-catalog/default/dw38ba4379/images/funko/upload/75375_POPRocks_Queen_Freddy_Mercury_IWasBornToLoveYou-1-WEB.png",
      "imagenCaja": "https://funko.com/dw/image/v2/BGTS_PRD/on/demandware.static/-/Sites-funko-master-catalog/default/dw57500fe6/images/funko/upload/75375_POPROCKS_Queen_FreddyMercury_POP_GLAM-1-WEB.png",
      "categorias": [
        "Cantantes",
        "Freddie Mercury",
        "Freddie Mercury"
      ],
      "precio": 12,
      "oferta": "false",
      "descuentoPorcentaje": 0,
      "stock": 63,
      "cantidadVendidos": 0
    },
    {
      "id": "85",
      "nombre": "FREDDIE MERCURY",
      "imagenFunko": "https://media.pop-busters.com/media/catalog/product/i/m/img_321441_ed48090d19f75171340eca9eb7055985_1_9f1d.jpg",
      "imagenCaja": "https://media.pop-busters.com/media/catalog/product/i/m/img_321440_30caccd30ce972ef40e28a0a34cb43f7_1_177a.jpg",
      "categorias": [
        "Cantantes",
        "Freddie Mercury",
        "Freddie Mercury"
      ],
      "precio": 38.95,
      "oferta": "false",
      "descuentoPorcentaje": 0,
      "stock": 23,
      "cantidadVendidos": 0
    },
    {
      "id": "86",
      "nombre": "FREDDIE MERCURY RADIO GAGA",
      "imagenFunko": "https://media.pop-busters.com/media/catalog/product/5/8/58c09834a6161f89f8f182cd7d3b4e790c761fd4_6a0c.jpg",
      "imagenCaja": "https://media.pop-busters.com/media/catalog/product/f/4/f4c786d7068778268d0abe460e44361f31b32489_c7c9.jpg",
      "categorias": [
        "Cantantes",
        "Freddie Mercury",
        "Freddie Mercury"
      ],
      "precio": 16.95,
      "oferta": "false",
      "descuentoPorcentaje": 0,
      "stock": 32,
      "cantidadVendidos": 0
    },
    {
      "id": "87",
      "nombre": "GUARDIA (THE MANDALORIAN)",
      "imagenFunko": "https://funkoeurope.com/cdn/shop/files/76679_Mandalorian_POP_MandalorianGuard_FIGURE_GLAM-3-WEB_600x.png",
      "imagenCaja": "https://funkoeurope.com/cdn/shop/files/76679_Mandalorian_POP_MandalorianGuard_FRONT_INTL_GLAM-1-WEB_600x.png",
      "categorias": [
        "Star Wars",
        "The Mandalorian",
        "Guardia"
      ],
      "precio": 18,
      "oferta": "false",
      "descuentoPorcentaje": 0,
      "stock": 30,
      "cantidadVendidos": 0
    },
    {
      "id": "88",
      "nombre": "GROGU (CON ANZELLAN DROIDSMITH)",
      "imagenFunko": "https://funkoeurope.com/cdn/shop/files/76672_Mandalorian_POP_GroguWithDroidsmith_FIGURE_GLAM-3-WEB-Copy_900x.png",
      "imagenCaja": "https://funkoeurope.com/cdn/shop/files/76672_Mandalorian_POP_GroguWithDroidsmith_FRONT_INTL_GLAM-1-WEB_900x.png",
      "categorias": [
        "Star Wars",
        "The Mandalorian",
        "Grogu"
      ],
      "precio": 18,
      "oferta": "false",
      "descuentoPorcentaje": 0,
      "stock": 36,
      "cantidadVendidos": 0
    },
    {
      "id": "89",
      "nombre": "BO-KATAN KRYZE (VOLANDO)",
      "imagenFunko": "https://funkoeurope.com/cdn/shop/files/76860_Mandalorian_POP_Bo-KatanFlying_FIGURE_GLAM-3-WEB_900x.png",
      "imagenCaja": "https://funkoeurope.com/cdn/shop/files/76860_Mandalorian_POP_Bo-KatanFlying_FRONT_FSE_GLAM-1-WEB_900x.png",
      "categorias": [
        "Star Wars",
        "The Mandalorian",
        "Bo-Katan Kryze"
      ],
      "precio": 18,
      "oferta": "false",
      "descuentoPorcentaje": 0,
      "stock": 60,
      "cantidadVendidos": 0
    },
    {
      "id": "90",
      "nombre": "MORGAN ELSBETH",
      "imagenFunko": "https://funkoeurope.com/cdn/shop/files/76540_StarWars_AHS_S2_POP_GLAM-3-WEB_900x.png",
      "imagenCaja": "https://funkoeurope.com/cdn/shop/files/76540_StarWars_AHS_S2_POP_GLAM-1-WEB_900x.png",
      "categorias": [
        "Star Wars",
        "Ahsoka",
        "Morgan Elsbeth"
      ],
      "precio": 16,
      "oferta": "true",
      "descuentoPorcentaje": 15,
      "stock": 66,
      "cantidadVendidos": 0
    },
    {
      "id": "91",
      "nombre": "AHSOKA TANO (SABLES DE LUZ)",
      "imagenFunko": "https://funkoeurope.com/cdn/shop/files/76690_StarWars_AHS_S2_POP_GLAM-3-WEB-Copy_900x.png",
      "imagenCaja": "https://funkoeurope.com/cdn/shop/files/76690_StarWars_AHS_S2_POP_SEF_GLAM-1-WEB_900x.png",
      "categorias": [
        "Star Wars",
        "Ahsoka",
        "Ahsoka Tano"
      ],
      "precio": 16,
      "oferta": "false",
      "descuentoPorcentaje": 0,
      "stock": 53,
      "cantidadVendidos": 0
    },
    {
      "id": "92",
      "nombre": "TROPA DE LA NOCHE (MÁSCARA GRIS)",
      "imagenFunko": "https://funkoeurope.com/cdn/shop/files/76542_StarWars_AHS_S2_POP_GLAM-3-WEB_900x.png",
      "imagenCaja": "https://funkoeurope.com/cdn/shop/files/76542_StarWars_AHS_S2_POP_GLAM-1-WEB_900x.png",
      "categorias": [
        "Star Wars",
        "Ahsoka",
        "Tropa de la noche"
      ],
      "precio": 16,
      "oferta": "false",
      "descuentoPorcentaje": 0,
      "stock": 56,
      "cantidadVendidos": 0
    },
    {
      "id": "93",
      "nombre": "SHIN HATI",
      "imagenFunko": "https://funkoeurope.com/cdn/shop/files/76543_StarWars_AHS_S2_POP_GLAM-3-WEB_900x.png",
      "imagenCaja": "https://funkoeurope.com/cdn/shop/files/76543_StarWars_AHS_S2_POP_GLAM-1-WEB_900x.png",
      "categorias": [
        "Star Wars",
        "Ahsoka",
        "Shin Hati"
      ],
      "precio": 16,
      "oferta": "false",
      "descuentoPorcentaje": 0,
      "stock": 57,
      "cantidadVendidos": 0
    },
    {
      "id": "94",
      "nombre": "CAPITÁN ENOCH",
      "imagenFunko": "https://funkoeurope.com/cdn/shop/files/76678_StarWars_AHS_S2_POP_EE_GLAM-3-WEB-Copy_900x.png",
      "imagenCaja": "https://funkoeurope.com/cdn/shop/files/76678_StarWars_AHS_S2_POP_SEF_GLAM-1-WEB_900x.png",
      "categorias": [
        "Star Wars",
        "Ahsoka",
        "Capitán Enoch"
      ],
      "precio": 18,
      "oferta": "true",
      "descuentoPorcentaje": 15,
      "stock": 43,
      "cantidadVendidos": 0
    },
    {
      "id": "95",
      "nombre": "PAZ VIZSLA",
      "imagenFunko": "https://funkoeurope.com/cdn/shop/files/76553_Mandalorian_PazVizsla_POP_Render_GLAM-3-WEB_900x.png",
      "imagenCaja": "https://funkoeurope.com/cdn/shop/files/76553_Mandalorian_PazVizsla_POP_BoxView_GLAM-1-WEB_900x.png",
      "categorias": [
        "Star Wars",
        "The Mandalorian",
        "Paz Vizsla"
      ],
      "precio": 16,
      "oferta": "false",
      "descuentoPorcentaje": 0,
      "stock": 15,
      "cantidadVendidos": 0
    },
    {
      "id": "96",
      "nombre": "GROGU (EN COCHECITO FLOTANTE)",
      "imagenFunko": "https://funkoeurope.com/cdn/shop/files/76551_Mandalorian_GroguWprama_POP_Render_Horizontal_GLAM-3-WEB_700x.png",
      "imagenCaja": "https://funkoeurope.com/cdn/shop/files/76551_Mandalorian_GroguWprama_POP_BoxView_Horizontal_GLAM-1-WEB_700x.png",
      "categorias": [
        "Star Wars",
        "The Mandalorian",
        "Grogu"
      ],
      "precio": 16,
      "oferta": "false",
      "descuentoPorcentaje": 0,
      "stock": 150,
      "cantidadVendidos": 0
    },
    {
      "id": "97",
      "nombre": "PELI MOTTO CON GROGU",
      "imagenFunko": "https://funkoeurope.com/cdn/shop/files/76552_Mandalorian_PeliMotto_POP_BoxView_GLAM-3-WEB_900x.png",
      "imagenCaja": "https://funkoeurope.com/cdn/shop/files/76552_Mandalorian_PeliMotto_POP_BoxView_GLAM-1-WEB_600x.png",
      "categorias": [
        "Star Wars",
        "The Mandalorian",
        "Peli Motto"
      ],
      "precio": 16,
      "oferta": "false",
      "descuentoPorcentaje": 0,
      "stock": 18,
      "cantidadVendidos": 0
    },
    {
      "id": "98",
      "nombre": "EL ARMADOR (CON LA MANO AL LADO)",
      "imagenFunko": "https://funkoeurope.com/cdn/shop/files/76554_Mandalorian_TheArmorer_POP_Render_GLAM-3-WEB_600x.png",
      "imagenCaja": "https://funkoeurope.com/cdn/shop/files/76554_Mandalorian_TheArmorer_POP_BoxView_GLAM-1-WEB_600x.png",
      "categorias": [
        "Star Wars",
        "The Mandalorian",
        "El armador"
      ],
      "precio": 16,
      "oferta": "false",
      "descuentoPorcentaje": 0,
      "stock": 38,
      "cantidadVendidos": 0
    },
    {
      "id": "99",
      "nombre": "AHSOKA TANO",
      "imagenFunko": "https://funkoeurope.com/cdn/shop/files/72175a_Ahsoka_POP1_POP_GLAM-WEB_600x.png",
      "imagenCaja": "https://funkoeurope.com/cdn/shop/files/72175a_Ahsoka_POP1_POP_GLAM-1-WEB_600x.png",
      "categorias": [
        "Star Wars",
        "Ahsoka",
        "Ahsoka Tano"
      ],
      "precio": 16,
      "oferta": "true",
      "descuentoPorcentaje": 15,
      "stock": 22,
      "cantidadVendidos": 0
    },
    {
      "id": "100",
      "nombre": "GENERAL HERA SYNDULLA",
      "imagenFunko": "https://funkoeurope.com/cdn/shop/files/72176a_Ahsoka_POP3_POP_GLAM-WEB_600x.png",
      "imagenCaja": "https://funkoeurope.com/cdn/shop/files/72176a_Ahsoka_POP3_POP_GLAM-1-WEB_600x.png",
      "categorias": [
        "Star Wars",
        "Ahsoka",
        "General Hera Syndulla"
      ],
      "precio": 16,
      "oferta": "true",
      "descuentoPorcentaje": 15,
      "stock": 82,
      "cantidadVendidos": 14
    }
  ],
  "pedidos": [
    {
      "id": "1",
      "idUsuario": "1",
      "carrito": {
        "1": 1,
        "48": 2
      },
      "direccionEnvio": {
        "direccionCalle": "Calle Jazmin 11 1º",
        "direccionCodigoPostal": "18800",
        "direccionProvincia": "Granada",
        "direccionPais": "España"
      },
      "metodoPago": "Tarjeta bancaria"
    },
    {
      "id": "2",
      "idUsuario": "1",
      "carrito": {
        "8": 1,
        "56": 1
      },
      "direccionEnvio": {
        "direccionCalle": "Calle Margarita 13 2ºA",
        "direccionCodigoPostal": "18000",
        "direccionProvincia": "Granada",
        "direccionPais": "España"
      },
      "metodoPago": "Paypal"
    },
    {
      "id": "3",
      "idUsuario": "1",
      "carrito": {
        "12": 1,
        "30": 2,
        "49": 1
      },
      "direccionEnvio": {
        "direccionCalle": "Calle Mármoles 1 8ºA",
        "direccionCodigoPostal": "29680",
        "direccionProvincia": "Málaga",
        "direccionPais": "España"
      },
      "metodoPago": "Bizum"
    },
    {
      "id": "4",
      "idUsuario": "1",
      "carrito": {
        "60": 1,
        "100": 1
      },
      "direccionEnvio": {
        "direccionCalle": "Avenida Puerto del Real 1 6ºB",
        "direccionCodigoPostal": "32560",
        "direccionProvincia": "Barcelona",
        "direccionPais": "España"
      },
      "metodoPago": "Tarjeta bancaria"
    },
    {
      "id": "5",
      "idUsuario": "1",
      "carrito": {
        "15": 2,
        "66": 1
      },
      "direccionEnvio": {
        "direccionCalle": "Calle Camino del Guarda 39 4º",
        "direccionCodigoPostal": "00035",
        "direccionProvincia": "Galicia",
        "direccionPais": "España"
      },
      "metodoPago": "Bizum"
    },
    {
      "id": "6",
      "idUsuario": null,
      "carrito": {
        "0": 2,
        "1": 1
      },
      "direccionEnvio": {
        "direccionCalle": "C. Jazmín 12 1º",
        "direccionCodigoPostal": "18800",
        "direccionProvincia": "Granada",
        "direccionPais": "España"
      },
      "metodoPago": "Tarjeta"
    },
    {
      "id": "7",
      "idUsuario": null,
      "carrito": {
        "0": 37,
        "1": 10,
        "2": 2,
        "3": 1,
        "10": 1,
        "15": 1,
        "17": 1,
        "36": 1,
        "65": 1,
        "100": 3
      },
      "direccionEnvio": {
        "direccionCalle": "C. Jazmín 12 1º",
        "direccionCodigoPostal": "18800",
        "direccionProvincia": "Granada",
        "direccionPais": "España"
      },
      "metodoPago": "Bizum"
    },
    {
      "id": "8",
      "idUsuario": null,
      "carrito": {
        "0": 37,
        "1": 10,
        "2": 2,
        "3": 1,
        "10": 1,
        "15": 1,
        "17": 1,
        "36": 1,
        "65": 1,
        "100": 3
      },
      "direccionEnvio": {
        "direccionCalle": "C. Jazmín 12 1º",
        "direccionCodigoPostal": "18800",
        "direccionProvincia": "Granada",
        "direccionPais": "España"
      },
      "metodoPago": "Bizum"
    },
    {
      "id": "9",
      "idUsuario": null,
      "carrito": {
        "0": 37,
        "1": 10,
        "2": 2,
        "3": 1,
        "10": 1,
        "15": 1,
        "17": 1,
        "36": 1,
        "65": 1,
        "100": 3
      },
      "direccionEnvio": {
        "direccionCalle": "C. Jazmín 12 1º",
        "direccionCodigoPostal": "18800",
        "direccionProvincia": "Granada",
        "direccionPais": "España"
      },
      "metodoPago": "Paypal"
    },
    {
      "id": "10",
      "idUsuario": null,
      "carrito": {
        "0": 37,
        "1": 10,
        "2": 2,
        "3": 1,
        "10": 1,
        "15": 1,
        "17": 1,
        "36": 1,
        "65": 1,
        "100": 3
      },
      "direccionEnvio": {
        "direccionCalle": "C. Jazmín 12 1º",
        "direccionCodigoPostal": "18800",
        "direccionProvincia": "Granada",
        "direccionPais": "España"
      },
      "metodoPago": "Bizum"
    },
    {
      "id": "11",
      "idUsuario": null,
      "carrito": {
        "0": 37,
        "1": 10,
        "2": 2,
        "3": 1,
        "10": 1,
        "15": 1,
        "17": 1,
        "36": 1,
        "65": 1,
        "100": 3
      },
      "direccionEnvio": {
        "direccionCalle": "C. Jazmín 12 1º",
        "direccionCodigoPostal": "18800",
        "direccionProvincia": "Granada",
        "direccionPais": "España"
      },
      "metodoPago": "Bizum"
    },
    {
      "id": "12",
      "idUsuario": null,
      "carrito": {
        "0": 37,
        "1": 10,
        "2": 2,
        "3": 1,
        "10": 1,
        "15": 1,
        "17": 1,
        "36": 1,
        "65": 1,
        "100": 3
      },
      "direccionEnvio": {
        "direccionCalle": "C. Jazmín 12 1º",
        "direccionCodigoPostal": "18800",
        "direccionProvincia": "Granada",
        "direccionPais": "España"
      },
      "metodoPago": "Bizum"
    }
  ],
  "usuarios": [
    {
      "id": "1",
      "nombre": "Alejandro",
      "apellidos": "Ríos López",
      "direccionesEnvio": [
        {
          "direccionCalle": "Calle Jazmin 11 1º",
          "direccionCodigoPostal": "18800",
          "direccionProvincia": "Granada",
          "direccionPais": "España"
        },
        {
          "direccionCalle": "Calle Formentera 6 4º1",
          "direccionCodigoPostal": "18800",
          "direccionProvincia": "Granada",
          "direccionPais": "España"
        }
      ],
      "tarjetasBancarias": []
    }
  ],
  "codigosDescuento": [
    {
      "codigo": "INVIERNO2024",
      "fechaInicio": "2023/12/01",
      "fechaFin": "2024/03/30",
      "descuentoPorcentaje": 10,
      "id": "ba11"
    },
    {
      "codigo": "PRIMAVERA2024",
      "fechaInicio": "21/03/2024",
      "fechaFin": "20/06/2024",
      "descuentoPorcentaje": 15,
      "id": "25dd"
    },
    {
      "codigo": "VERANO2024",
      "fechaInicio": "01/12/2023",
      "fechaFin": "30/04/2023",
      "descuentoPorcentaje": 10,
      "id": "f0a8"
    }
  ]
}